<?xml version="1.0" encoding="UTF-8"?>
<configuration>
	<properties>
		<property name="SPRING_LOG_FILE_NAME">spring-log</property>
		<property name="LOG_FILE_NAME">prod-log</property>
		<property name="LAYOUT_PATTERN">%d{yyyy-MM-dd HH:mm:ss} %p [%C:%L] - %m%n</property>
	</properties>
	
	<appenders>
		<console name="CONSOLE_APPENDER" target="SYSTEM_OUT">
			<patternLayout pattern="${LAYOUT_PATTERN}"/>
		</console>
		<rollingFile name="SPRING_ROLLING_FILE_APPENDER">
			<fileName>./logs/${SPRING_LOG_FILE_NAME}.log</fileName>
			<filePattern>./logs/${SPRING_LOG_FILE_NAME}.%d{yyyyMMdd}.log</filePattern>
			<patternLayout pattern="${LAYOUT_PATTERN}" />
			<policies>
				<timeBasedTriggeringPolicy interval="1" modulate="true" />
			</policies>
		</rollingFile>
		<rollingFile name="ROLLING_FILE_APPENDER">
			<fileName>./logs/${LOG_FILE_NAME}.log</fileName>
			<filePattern>./logs/${LOG_FILE_NAME}.%d{yyyyMMddhhmm}.log</filePattern>
			<patternLayout pattern="${LAYOUT_PATTERN}" />
			<policies>
				<timeBasedTriggeringPolicy interval="1" modulate="true" />
			</policies>
		</rollingFile>
	</appenders>
	
	<loggers>
		<root level="DEGUG">
			<appender-ref ref="CONSOLE_APPENDER"/>
		</root>
	
		<logger name="org.springframework" level="DEGUG">
			<appender-ref ref="SPRING_ROLLING_FILE_APPENDER" />
		</logger>
				
		<logger name="com.ictsaeil.demo" level="DEGUG">
			<appender-ref ref="ROLLING_FILE_APPENDER" />
		</logger>
		
		<!-- log4jdbc -->
		<logger name="jdbc" level="OFF" />
		<logger name="jdbc.sqlonly" level="OFF" />
		<logger name="jdbc.audit" level="OFF" />
		<logger name="jdbc.resultset" level="OFF" />
		<logger name="jdbc.connection" level="OFF" />
		<logger name="jdbc.resultsettable" level="DEBUG" />
		<logger name="jdbc.sqltiming" level="DEBUG" />
	</loggers>
</configuration>