<?xml version="1.0" encoding="UTF-8"?>
<!DOCTYPE mapper PUBLIC "-//mybatis.org//DTD Mapper 3.0//EN" "http://mybatis.org/dtd/mybatis-3-mapper.dtd">
<mapper namespace="com.ictsaeil.demo.dao.ProductDao">
	<select id="selectByALL"  resultType="map">
	SELECT
		*
	FROM
		`product`
	</select>
	<select id="selectByName" parameterType="string" resultType="map">
		SELECT
			*
		FROM
			`product`
		WHERE
			`NAME`=#{name}
	</select>
	<insert id="insertsave" parameterType = "map">
		INSERT INTO `product`(
		`NAME`,
		`PRICE`,
		`STOCK`
		)
		VALUES(
		#{NAME},
		#{PRICE},
		#{STOCK}
		)
	</insert>
	<delete id="delete" parameterType="map">
	DELETE FROM `product`WHERE`IDX` IN 
	<foreach close=")" open="(" separator="," index="index" item="item" collection="IDX_LIST"> #{item} </foreach> <!--ex) (IDX리스트1,IDX리스트2) -->
</delete>
<select id="selectByIdx" parameterType="int" resultType="map">
		SELECT
			*
		FROM
			`product`
		WHERE
			`IDX`=#{idx}
</select>
	
</mapper>