<?xml version="1.0" encoding="UTF-8"?>
<configuration>
	<properties>
		<property name="LAYOUT_PATTERN">%d{yyyy-MM-dd HH:mm:ss} %p [%C:%L] - %m%n</property>
	</properties>
	
	<appenders>
		<console name="CONSOLE_APPENDER" target="SYSTEM_OUT">
			<patternLayout pattern="${LAYOUT_PATTERN}"/>
		</console>
	</appenders>
	
	<loggers>
		<root level="INFO">
			<appender-ref ref="CONSOLE_APPENDER"/>
		</root>
		
		<logger name="com.ictsaeil.demo" level="INFO"/>
		
		<!-- log4jdbc -->
		<logger name="jdbc" level="OFF" />
		<logger name="jdbc.sqlonly" level="OFF" />
		<logger name="jdbc.audit" level="OFF" />
		<logger name="jdbc.resultset" level="OFF" />
		<logger name="jdbc.connection" level="OFF" />
		<logger name="jdbc.resultsettable" level="DEBUG" />
		<logger name="jdbc.sqltiming" level="DEBUG" />
	</loggers>
</configuration>