<?xml version="1.0" encoding="UTF-8"?>
<!DOCTYPE mapper PUBLIC "-//mybatis.org//DTD Mapper 3.0//EN" "http://mybatis.org/dtd/mybatis-3-mapper.dtd">
<mapper namespace="com.ictsaeil.demo.dao.UserDAO">

	<select id="selectByNameAndAge" parameterType="map" resultType="map">
		SELECT *
		FROM
			`user`
	    WHERE
	     `NAME` = #{NAME} 
	     AND `ID` = #{ID}
	</select>
	<select id="selectUserCount"  resultType="int">
	SELECT
		COUNT(*)
	FROM
		`user`
 
	</select>
	<select id="selectUserList"  resultType="map">
	SELECT
		*
	FROM
		`user`
	</select>
	<select id="selectUserId"  parameterType="string" resultType="map">
	SELECT
		*
	FROM
		`user`
	WHERE
		`ID`=#{ID}
	</select>
	<select id="selectUserName"  parameterType="string" resultType="map">
	SELECT
		*
	FROM
		`user`
	WHERE
		`NAME`=#{NAME}
	</select>
	 <!-- update는 기본적으로 resultType은 int로 반환되며, 업데이트된 행의 수를 반환함.-->
	<update id="updateUserIDtoName" parameterType="map">
	UPDATE `user`
	SET
		`PASSWORD` = #{PASSWORD},
		`NAME` = #{NAME},
		`AGE`= #{AGE},
		`EMAIL` = #{EMAIL},
		`MOBILE` = #{MOBILE}
	WHERE
		`ID` =#{ID}
	</update>
	<insert id="insert" parameterType="map">
	INSERT INTO user(
	`ID`,
	`PASSWORD`,
	`NAME`,
	`AGE`,
	`EMAIL`,
	`MOBILE`
	)
	VALUES (
	#{ID},
	#{PASSWORD},
	#{NAME},
	#{AGE},
	#{EMAIL},
	#{MOBILE}
	)
	</insert>
	<delete id="delete" parameterType="String">
	DELETE FROM `user` WHERE `ID` = #{ID}
	</delete>
	<!-- int형이 좋음 -->
	   <select id="selectOnlyUserId"  parameterType="string" resultType="string">
	SELECT
		ID
	FROM
		`user`
	WHERE
		`ID`=#{ID}
	</select>
	<!-- 선생님코드 -->
	<!--<select resultType="int" parameterType="string" id="selectCountById">SELECTCOUNT(*)FROM`user`WHERE`ID`=#{ID} </select>-->
</mapper>