<?xml version="1.0" encoding="UTF-8"?>
<!DOCTYPE tiles-definitions PUBLIC "-//Apache Software Foundation//DTD Tiles Configuration 3.0//EN"
"http://tiles.apache.org/dtds/tiles-config_3_0.dtd">

<tiles-definitions>
<definition name="layout" template="/WEB-INF/tiles/layouts/Layout.jsp">
<put-attribute name="header" value="/WEB-INF/tiles/common/Header.jsp" />
<put-attribute name="sidebar" value="/WEB-INF/tiles/common/Sidebar.jsp" />
<put-attribute name="footer" value="/WEB-INF/tiles/common/Footer.jsp" />
</definition>

<definition name="*" extends="layout">
	<put-attribute name="contents" value="/WEB-INF/views/{1}.jsp" />
</definition>
</tiles-definitions>